bed,bath,acre_lot,zip_code,house_size,location
3.0,2.0,0.12,601,920.0,2351
4.0,2.0,0.08,601,1527.0,2351
2.0,1.0,0.15,795,748.0,2392
4.0,2.0,0.1,731,1800.0,2412
4.0,3.0,0.46,612,2520.0,2423
3.0,1.0,0.2,639,2040.0,2371
3.0,2.0,0.08,731,1050.0,2412
2.0,1.0,0.09,730,1092.0,2412
5.0,3.0,7.46,670,5403.0,2396
3.0,2.0,13.39,662,1106.0,2390
3.0,2.0,0.08,795,1045.0,2392
3.0,2.0,0.1,669,4161.0,2395
5.0,2.0,0.12,641,1620.0,2429
5.0,5.0,0.74,731,2677.0,2412
3.0,2.0,0.08,698,1100.0,2435
4.0,4.0,0.22,680,3450.0,2403
3.0,2.0,0.08,728,1500.0,2412
3.0,2.0,3.88,685,4000.0,2423
6.0,3.0,0.25,610,1230.0,2356
2.0,1.0,0.23,698,621.0,2435
6.0,3.0,0.1,676,3000.0,2404
3.0,1.0,2.0,769,1213.0,2373
3.0,2.0,0.05,698,1118.0,2435
3.0,2.0,0.28,685,1500.0,2423
4.0,3.0,0.3,730,3000.0,2412
4.0,2.0,0.11,656,1300.0,2383
4.0,2.0,0.04,676,1080.0,2400
3.0,2.0,0.69,662,2505.0,2390
6.0,3.0,1.75,766,1943.0,2433
5.0,4.0,0.12,717,1600.0,2412
4.0,2.0,3.08,757,2886.0,2424
1.0,1.0,0.1,730,850.0,2412
3.0,1.0,0.23,698,936.0,2435
3.0,2.0,1.13,676,1928.0,2404
4.0,4.0,4.84,685,3690.0,2423
3.0,4.0,1.94,641,2500.0,2429
4.0,2.0,0.24,670,1800.0,2396
9.0,7.0,0.46,680,3709.0,2403
5.0,3.0,0.16,730,3100.0,2412
6.0,6.0,0.94,624,9297.0,2411
3.0,2.0,0.1,602,600.0,2352
3.0,1.0,0.09,602,900.0,2352
4.0,2.0,0.15,602,3000.0,2352
1.0,1.0,0.26,602,2100.0,2352
2.0,2.0,0.24,602,1138.0,2352
3.0,2.0,0.13,602,1380.0,2352
6.0,4.0,0.23,602,2500.0,2352
2.0,1.0,0.07,602,813.0,2352
5.0,3.0,1.78,602,2962.0,2352
4.0,2.0,0.1,602,1955.0,2352
3.0,2.0,0.08,602,1200.0,2352
6.0,5.0,0.12,602,6000.0,2352
3.0,4.0,2.0,602,1880.0,2352
3.0,2.0,2.96,602,2500.0,2352
7.0,5.0,0.31,602,2775.0,2352
5.0,3.0,8.74,602,5517.0,2352
6.0,5.0,0.1,602,2400.0,2352
3.0,2.0,0.22,603,2070.0,2353
3.0,2.0,0.05,603,1184.0,2353
3.0,2.0,0.22,603,1900.0,2353
3.0,1.0,0.2,603,980.0,2353
4.0,2.0,0.89,603,1408.0,2353
5.0,5.0,0.62,603,8460.0,2353
3.0,2.0,0.11,603,1116.0,2353
4.0,3.0,0.26,603,3734.0,2353
3.0,2.0,0.17,603,1500.0,2353
6.0,3.0,0.49,603,2618.0,2353
4.0,2.0,0.12,603,1760.0,2353
4.0,3.0,0.33,603,2950.0,2353
3.0,2.0,0.21,603,1565.0,2352
4.0,2.0,0.95,603,3468.0,2353
4.0,2.0,10.76,603,547.0,2353
3.0,2.0,0.15,603,2280.0,2353
3.0,4.0,0.2,603,4020.0,2353
6.0,2.0,0.18,603,2035.0,2353
5.0,3.0,0.52,603,3267.0,2353
8.0,3.0,0.19,603,3700.0,2353
5.0,2.0,4.55,606,2156.0,2401
5.0,2.0,5.14,606,2156.0,2401
5.0,2.0,4.86,606,1563.0,2401
3.0,1.0,0.35,606,915.0,2401
8.0,5.0,0.09,660,2000.0,2388
2.0,2.0,0.15,653,1393.0,2381
3.0,2.0,1.75,623,1620.0,2363
3.0,2.0,0.09,680,1760.0,2403
2.0,1.0,4.74,623,1000.0,2363
7.0,4.0,0.11,680,2200.0,2403
3.0,2.0,0.14,680,1200.0,2403
4.0,2.0,0.08,623,3052.0,2363
3.0,1.0,0.08,683,894.0,2420
5.0,5.0,0.08,680,1600.0,2403
3.0,1.0,0.07,683,363.0,2420
12.0,6.0,0.52,623,4800.0,2363
9.0,8.0,0.17,677,3852.0,2414
5.0,4.0,1.8,677,6000.0,2352
4.0,3.0,0.4,667,6500.0,2394
3.0,1.0,0.19,682,778.0,2403
3.0,2.0,0.25,623,2800.0,2363
3.0,2.0,0.15,610,1687.0,2356
2.0,1.0,0.13,610,826.0,2356
5.0,3.0,0.11,610,2327.0,2356
4.0,7.0,0.76,662,4000.0,2390
4.0,3.0,0.21,662,3066.0,2390
6.0,3.0,0.97,662,10000.0,2390
6.0,4.0,16.0,662,3739.0,2390
4.0,2.0,0.49,677,2450.0,2414
1.0,3.0,0.13,612,10000.0,2357
4.0,3.0,0.24,612,3413.0,2357
5.0,2.0,0.49,612,2058.0,2357
1.0,1.0,0.14,612,800.0,2357
6.0,3.0,0.45,612,2900.0,2357
3.0,2.0,0.27,612,1100.0,2357
4.0,2.0,0.13,612,1000.0,2357
7.0,4.0,0.49,612,800.0,2357
6.0,3.0,0.09,612,2472.0,2357
3.0,1.0,0.09,612,1044.0,2357
5.0,3.0,0.08,612,2200.0,2357
3.0,2.0,0.86,612,3500.0,2357
3.0,1.0,0.13,612,1262.0,2357
5.0,2.0,0.42,612,6000.0,2357
3.0,1.0,0.08,612,1009.0,2357
7.0,3.0,0.31,612,2715.0,2357
3.0,3.0,0.19,612,2872.0,2357
3.0,1.0,4.89,612,1028.0,2357
4.0,3.0,0.25,612,1600.0,2357
3.0,2.0,0.29,612,1604.0,2357
8.0,2.0,0.13,612,1500.0,2357
2.0,1.0,0.1,612,680.0,2357
3.0,1.0,0.06,612,750.0,2357
5.0,2.0,0.13,612,1500.0,2357
3.0,3.0,0.24,612,2183.0,2357
3.0,2.0,0.25,612,1000.0,2357
5.0,4.0,0.2,612,2832.0,2357
3.0,2.0,0.25,612,1000.0,2357
4.0,4.0,0.14,612,1500.0,2357
5.0,3.0,0.07,674,1700.0,2400
6.0,4.0,0.37,659,3400.0,2386
3.0,2.0,0.25,687,2500.0,2405
3.0,1.0,0.08,674,921.0,2400
3.0,1.0,0.07,674,800.0,2400
3.0,2.0,0.08,617,1195.0,2359
3.0,2.0,0.07,693,895.0,2431
4.0,2.0,0.25,693,2038.0,2431
4.0,2.0,0.09,727,1100.0,2364
4.0,2.0,0.22,674,2236.0,2400
4.0,3.0,0.21,617,2961.0,2359
3.0,2.0,0.21,627,2400.0,2365
5.0,3.0,0.56,678,3000.0,2413
5.0,3.0,0.22,659,3650.0,2386
5.0,3.0,1.46,687,2366.0,2405
5.0,2.0,0.16,95000,1757.0,2413
3.0,2.0,0.27,617,1150.0,2359
2.0,2.0,0.09,617,955.0,2359
3.0,2.0,0.08,617,1015.0,2359
3.0,2.0,0.09,617,1105.0,2359
3.0,2.0,0.14,617,955.0,2359
2.0,1.0,0.08,646,700.0,2378
3.0,1.0,0.07,949,950.0,2427
3.0,2.0,0.09,953,1000.0,2426
2.0,2.0,0.11,646,800.0,2378
5.0,3.0,0.61,692,1400.0,2430
4.0,2.0,0.19,783,1500.0,2376
2.0,2.0,1.22,719,1500.0,2407
4.0,2.0,0.08,953,1650.0,2426
3.0,3.0,0.19,646,3500.0,2378
4.0,5.0,1.98,646,7000.0,2378
4.0,4.0,0.24,646,2500.0,2378
3.0,3.0,0.3,953,2400.0,2426
3.0,4.0,0.99,646,3500.0,2378
6.0,4.0,0.2,719,1880.0,2407
6.0,4.0,0.1,953,2600.0,2426
4.0,3.0,0.19,646,2500.0,2378
3.0,2.0,0.27,646,2200.0,2378
3.0,3.0,0.52,646,1500.0,2378
4.0,3.0,0.14,646,3500.0,2378
3.0,2.0,0.1,646,1800.0,2378
4.0,3.0,0.12,646,2490.0,2378
3.0,2.0,0.07,692,2100.0,2430
3.0,1.0,0.08,622,900.0,2363
4.0,2.0,0.25,622,2800.0,2363
3.0,2.0,0.2,622,2214.0,2363
4.0,2.0,0.22,622,3328.0,2363
4.0,2.0,0.48,660,1233.0,2388
3.0,2.0,0.12,680,1200.0,2403
5.0,5.0,0.19,623,4000.0,2363
3.0,2.0,0.07,623,1000.0,2363
1.0,1.0,0.12,623,491.0,2363
3.0,3.0,0.27,653,976.0,2381
4.0,2.0,0.12,660,1163.0,2388
3.0,2.0,0.08,682,1175.0,2403
3.0,2.0,0.97,667,1200.0,2394
3.0,2.0,0.12,623,1044.0,2363
3.0,1.0,0.03,623,980.0,2363
4.0,2.0,0.19,623,1400.0,2363
3.0,1.0,0.16,623,936.0,2363
3.0,4.0,0.23,623,3089.0,2363
3.0,4.0,0.09,623,2064.0,2363
2.0,2.0,0.46,623,1242.0,2363
8.0,5.0,0.48,623,8368.0,2363
5.0,4.0,0.22,623,2700.0,2363
6.0,8.0,9.65,623,10244.0,2363
3.0,3.0,0.26,623,2069.0,2363
8.0,7.0,0.43,623,3192.0,2363
5.0,6.0,5.0,623,10000.0,2363
6.0,6.0,7.8,623,8000.0,2363
3.0,1.0,0.04,624,913.0,2411
5.0,3.0,0.49,624,2500.0,2411
3.0,1.0,0.08,624,917.0,2411
3.0,2.0,0.09,685,1120.0,2423
3.0,2.0,0.08,728,1500.0,2412
3.0,3.0,0.23,641,1326.0,2429
3.0,2.0,0.97,659,2111.0,2386
3.0,1.0,0.04,627,1460.0,2365
4.0,3.0,0.24,627,1500.0,2365
3.0,1.0,0.38,627,900.0,2365
3.0,1.0,1.94,627,1400.0,2365
3.0,3.0,0.13,627,1300.0,2365
3.0,1.0,0.1,627,800.0,2365
3.0,2.0,0.1,637,1290.0,2417
8.0,4.0,0.45,637,2852.0,2417
5.0,2.0,1.21,637,1898.0,2417
2.0,1.0,0.2,637,1275.0,2417
3.0,3.0,0.36,637,20132.0,2417
3.0,2.0,1.17,638,1000.0,2371
3.0,2.0,1.48,638,1820.0,2371
3.0,2.0,0.1,638,1100.0,2371
4.0,3.0,2.23,638,3344.0,2371
3.0,1.0,1.16,638,1100.0,2371
3.0,2.0,0.09,638,1092.0,2371
3.0,2.0,0.09,638,1100.0,2371
3.0,2.0,0.97,641,1205.0,2429
3.0,2.0,10.44,641,1251.0,2429
6.0,3.0,28.17,641,5000.0,2429
2.0,1.0,0.22,641,845.0,2429
4.0,2.0,2.91,641,1000.0,2429
5.0,3.0,0.1,641,950.0,2429
4.0,2.0,2.06,641,1100.0,2429
3.0,2.0,0.86,641,1700.0,2429
13.0,4.0,0.2,641,600.0,2429
3.0,1.0,0.28,641,781.0,2429
6.0,3.0,30.0,641,5000.0,2429
3.0,1.0,0.26,641,781.0,2429
4.0,1.0,0.94,641,13818.0,2429
4.0,7.0,0.37,646,7096.0,2378
3.0,3.0,0.24,646,2377.0,2378
3.0,3.0,0.16,646,2000.0,2378
4.0,3.0,0.14,646,2850.0,2378
5.0,3.0,0.14,646,3500.0,2378
3.0,2.0,0.24,646,2000.0,2378
4.0,7.0,0.75,646,7000.0,2378
4.0,3.0,0.25,646,2900.0,2378
4.0,4.0,0.25,646,2900.0,2378
4.0,3.0,0.15,646,2850.0,2378
3.0,4.0,0.22,646,3100.0,2378
4.0,4.0,0.25,646,3509.0,2378
3.0,5.0,0.23,646,3200.0,2378
4.0,5.0,0.21,646,5000.0,2378
4.0,2.0,0.21,646,999.0,2378
4.0,4.0,0.15,646,6703.0,2378
3.0,4.0,0.06,646,2500.0,2378
4.0,4.0,0.07,646,3090.0,2378
3.0,4.0,0.09,646,3914.0,2378
4.0,3.0,0.23,646,3337.0,2378
4.0,4.0,0.23,646,2900.0,2378
3.0,3.0,13.65,646,1942.0,2378
7.0,6.0,0.26,646,4800.0,2378
4.0,2.0,0.51,659,1641.0,2386
4.0,4.0,0.2,685,1760.0,2386
3.0,3.0,2.91,676,2485.0,2404
3.0,1.0,0.15,795,800.0,2392
3.0,1.0,0.1,728,1100.0,2412
4.0,3.0,0.22,678,900.0,2365
3.0,3.0,0.72,731,2460.0,2412
3.0,2.0,0.08,795,1084.0,2392
4.0,2.0,0.35,795,1918.0,2392
4.0,3.0,5.05,730,1520.0,2412
4.0,1.0,0.8,731,921.0,2412
3.0,1.0,0.09,795,870.0,2392
3.0,2.0,0.22,685,1134.0,2423
4.0,2.0,0.15,669,1597.0,2395
3.0,2.0,0.08,731,1250.0,2412
5.0,2.0,0.25,728,2283.0,2412
3.0,2.0,0.09,664,1100.0,2391
3.0,2.0,0.04,731,1547.0,2412
4.0,2.0,0.2,769,1700.0,2373
3.0,2.0,0.04,731,980.0,2412
3.0,1.0,0.12,659,930.0,2386
3.0,1.0,0.68,730,905.0,2412
3.0,1.0,0.04,716,1025.0,2412
2.0,2.0,0.25,730,1004.0,2412
6.0,5.0,0.27,717,3953.0,2412
3.0,1.0,0.11,669,870.0,2395
3.0,2.0,0.11,698,1000.0,2435
4.0,1.0,0.11,731,1562.0,2412
3.0,2.0,0.25,685,875.0,2423
5.0,3.0,2.43,795,2625.0,2392
4.0,2.0,0.09,976,1700.0,2428
8.0,7.0,0.09,730,4036.0,2412
3.0,2.0,0.28,603,2000.0,2353
3.0,2.0,0.22,603,1895.0,2353
6.0,2.0,0.11,660,2914.0,2388
3.0,2.0,0.12,677,2000.0,2414
3.0,2.0,0.1,660,1100.0,2388
3.0,2.0,0.19,662,1800.0,2390
3.0,3.0,0.22,612,2673.0,2357
4.0,2.0,0.22,612,2760.0,2357
3.0,1.0,0.08,612,785.0,2357
3.0,1.0,0.25,612,1403.0,2357
3.0,2.0,0.08,612,1050.0,2357
4.0,2.0,0.2,662,1933.0,2390
3.0,2.0,0.08,674,1086.0,2400
4.0,2.0,0.11,693,1688.0,2431
4.0,2.0,0.11,659,2327.0,2386
3.0,1.0,0.09,693,1000.0,2431
7.0,3.0,0.09,949,1192.0,2378
2.0,1.0,0.15,693,1000.0,2431
6.0,3.0,4.94,692,3000.0,2430
3.0,1.0,0.15,783,934.0,2376
3.0,1.0,0.07,962,1025.0,2430
3.0,2.0,0.08,653,1066.0,2381
6.0,3.0,0.13,680,2110.0,2403
3.0,2.0,0.1,623,1708.0,2363
4.0,2.0,3.75,667,1473.0,2394
3.0,1.0,0.04,680,975.0,2403
7.0,3.0,0.1,680,1000.0,2403
3.0,2.0,0.16,623,1100.0,2363
3.0,2.0,0.15,623,1045.0,2363
4.0,3.0,0.25,623,1622.0,2363
6.0,6.0,0.25,623,2500.0,2363
4.0,5.0,0.51,623,2422.0,2363
4.0,2.0,0.12,698,1800.0,2435
3.0,3.0,0.26,659,3227.0,2386
5.0,3.0,0.16,662,1886.0,2390
3.0,1.0,0.07,795,750.0,2392
3.0,1.0,0.74,669,2500.0,2395
6.0,3.0,1.4,777,2392.0,2393
3.0,1.0,0.27,669,1070.0,2395
2.0,2.0,0.05,669,1173.0,2395
4.0,3.0,0.18,685,2000.0,2423
3.0,3.0,0.29,656,1591.0,2383
3.0,2.0,0.05,731,900.0,2412
4.0,1.0,0.09,698,1087.0,2435
5.0,3.0,19.44,669,3907.0,2395
4.0,3.0,0.4,682,2711.0,2403
3.0,1.0,0.05,646,816.0,2378
5.0,2.0,0.05,646,1600.0,2378
7.0,5.0,0.1,646,3870.0,2378
3.0,3.0,0.21,646,2462.0,2378
4.0,2.0,0.12,646,2381.0,2378
6.0,7.0,0.36,646,6500.0,2378
5.0,5.0,0.02,646,4850.0,2378
6.0,7.0,0.25,646,5500.0,2378
4.0,4.0,0.13,646,2800.0,2378
2.0,1.0,0.19,646,834.0,2378
6.0,7.0,0.3,646,5073.0,2378
7.0,8.0,0.9,646,10000.0,2378
6.0,9.0,0.64,646,6554.0,2378
4.0,6.0,0.22,646,4400.0,2378
5.0,7.0,0.3,646,5000.0,2378
4.0,4.0,0.32,646,2800.0,2378
5.0,7.0,0.55,646,6000.0,2378
4.0,6.0,0.24,646,4414.0,2378
6.0,8.0,0.55,646,6398.0,2378
4.0,5.0,0.25,646,5000.0,2378
4.0,4.0,0.24,646,3015.0,2378
3.0,4.0,0.18,646,2900.0,2378
4.0,3.0,0.02,646,2900.0,2378
3.0,2.0,0.09,646,1380.0,2378
5.0,5.0,0.25,646,4200.0,2378
3.0,4.0,0.22,646,3500.0,2378
4.0,2.0,0.11,646,1820.0,2378
3.0,2.0,0.23,646,1298.0,2378
4.0,6.0,0.25,646,4200.0,2378
5.0,4.0,0.24,646,4791.0,2378
3.0,2.0,0.06,646,1200.0,2378
3.0,3.0,0.25,682,2100.0,2403
3.0,2.0,0.43,677,1500.0,2414
4.0,2.0,0.04,680,960.0,2403
2.0,3.0,0.03,653,1823.0,2381
2.0,1.0,0.97,680,1475.0,2403
3.0,2.0,0.29,682,2031.0,2403
4.0,2.0,0.05,680,563.0,2403
3.0,1.0,0.22,680,746.0,2403
7.0,4.0,0.11,678,2500.0,2413
3.0,1.0,0.23,680,962.0,2403
5.0,2.0,0.32,680,1500.0,2403
2.0,1.0,0.05,716,714.0,2412
2.0,1.0,0.12,653,612.0,2381
2.0,1.0,0.12,660,811.0,2388
2.0,1.0,0.11,659,784.0,2386
4.0,2.0,0.09,682,1050.0,2403
3.0,1.0,0.52,685,1200.0,2423
3.0,1.0,0.27,678,950.0,2413
3.0,1.0,0.06,653,1503.0,2381
2.0,2.0,0.17,680,850.0,2403
3.0,2.0,2.2,677,2000.0,2414
5.0,5.0,0.31,682,4387.0,2403
7.0,4.0,0.08,670,3174.0,2396
2.0,1.0,2.72,685,870.0,2423
4.0,3.0,2.64,659,1578.0,2386
4.0,2.0,0.48,660,1233.0,2388
6.0,2.0,0.1,676,2002.0,2404
3.0,2.0,0.1,667,900.0,2394
3.0,3.0,1.94,683,2410.0,2420
5.0,3.0,0.18,680,4200.0,2403
5.0,3.0,0.23,653,4046.0,2381
6.0,6.0,45.0,677,10000.0,2414
8.0,3.0,0.97,685,2250.0,2423
2.0,1.0,0.37,731,803.0,2412
3.0,2.0,0.54,730,1106.0,2412
3.0,1.0,0.83,731,599.0,2412
3.0,1.0,0.22,698,1500.0,2435
3.0,1.0,0.05,730,900.0,2412
3.0,1.0,0.35,669,1427.0,2395
3.0,1.0,0.32,682,1300.0,2403
4.0,3.0,0.59,680,2374.0,2403
3.0,3.0,0.23,676,2400.0,2404
3.0,3.0,0.31,731,3806.0,2412
3.0,3.0,0.24,662,2482.0,2390
3.0,2.0,0.25,683,1300.0,2420
4.0,2.0,0.08,731,1460.0,2412
3.0,1.0,0.12,680,1000.0,2403
7.0,4.0,0.39,682,17198.0,2403
3.0,2.0,0.42,685,2100.0,2423
4.0,3.0,0.12,680,2300.0,2403
3.0,2.0,0.21,659,3515.0,2386
4.0,3.0,0.15,667,1857.0,2394
4.0,2.0,0.06,728,2268.0,2412
4.0,2.0,0.09,728,2710.0,2412
6.0,3.0,0.07,682,1858.0,2403
4.0,2.0,0.23,659,1384.0,2386
3.0,3.0,0.52,682,2000.0,2403
5.0,7.0,0.24,677,4500.0,2414
6.0,5.0,0.14,677,3625.0,2414
2.0,1.0,0.07,677,1000.0,2414
3.0,1.0,0.36,677,1214.0,2414
12.0,4.0,0.12,677,3000.0,2414
5.0,3.0,0.39,716,3100.0,2412
3.0,1.0,0.17,715,1080.0,2392
6.0,4.0,0.79,720,2345.0,2409
2.0,1.0,0.09,949,1035.0,2427
6.0,2.0,0.03,674,1200.0,2400
3.0,2.0,0.09,674,2417.0,2400
7.0,4.0,0.69,972,2106.0,2426
4.0,2.0,0.11,692,2500.0,2430
3.0,2.0,0.09,674,951.0,2400
5.0,3.0,0.07,674,1700.0,2400
2.0,1.0,0.13,692,1694.0,2430
4.0,2.0,0.15,692,6458.0,2430
5.0,3.0,0.21,692,3080.0,2430
3.0,1.0,0.04,674,595.0,2400
3.0,2.0,0.07,692,800.0,2430
3.0,1.0,0.16,783,832.0,2376
3.0,2.0,0.26,953,1000.0,2426
3.0,2.0,0.1,613,1211.0,2357
3.0,1.0,0.08,693,770.0,2431
3.0,3.0,0.36,794,1015.0,2360
3.0,1.0,0.15,953,2092.0,2426
4.0,2.0,0.15,949,1970.0,2427
4.0,3.0,0.15,674,568.0,2400
6.0,2.0,0.39,725,2329.0,2373
3.0,1.0,0.49,692,945.0,2430
2.0,1.0,0.19,692,959.0,2431
4.0,3.0,0.25,953,1490.0,2426
6.0,3.0,0.08,693,1928.0,2431
5.0,2.0,0.09,687,1414.0,2405
3.0,1.0,0.08,769,1009.0,2373
2.0,1.0,0.02,674,896.0,2400
3.0,2.0,1.15,765,1326.0,2373
7.0,2.0,0.03,949,1130.0,2427
2.0,1.0,0.03,674,784.0,2400
3.0,2.0,0.1,738,1150.0,2379
6.0,3.0,0.08,693,1900.0,2431
3.0,1.0,0.18,953,750.0,2426
3.0,1.0,0.07,650,800.0,2380
3.0,2.0,0.15,782,996.0,2374
3.0,2.0,0.21,674,954.0,2400
4.0,2.0,0.13,692,1784.0,2430
3.0,2.0,0.11,693,900.0,2431
3.0,2.0,0.07,953,1093.0,2426
5.0,4.0,0.26,692,2817.0,2430
4.0,2.0,0.15,951,1600.0,2427
6.0,2.0,8.42,693,1170.0,2431
2.0,2.0,0.38,692,1000.0,2430
2.0,2.0,0.57,783,800.0,2376
3.0,2.0,0.42,692,1000.0,2430
3.0,2.0,0.09,687,1512.0,2405
4.0,2.0,0.08,949,1800.0,2427
4.0,3.0,0.12,693,1335.0,2431
6.0,5.0,0.24,693,2800.0,2431
4.0,2.0,0.11,953,1889.0,2427
3.0,1.0,0.17,693,824.0,2431
6.0,3.0,0.18,693,2371.0,2431
3.0,2.0,0.13,719,981.0,2407
3.0,1.0,0.07,783,742.0,2376
3.0,1.0,0.13,783,1103.0,2376
2.0,1.0,0.23,719,620.0,2407
4.0,2.0,0.44,953,1328.0,2426
4.0,4.0,1.11,720,7336.0,2409
3.0,1.0,1.12,694,850.0,2430
3.0,2.0,0.11,692,1626.0,2430
6.0,3.0,0.07,659,1819.0,2386
3.0,1.0,0.07,757,704.0,2424
3.0,3.0,0.02,757,1372.0,2424
3.0,1.0,0.08,757,683.0,2424
3.0,1.0,0.18,757,1020.0,2424
3.0,2.0,0.18,757,1166.0,2424
4.0,2.0,0.12,605,1800.0,2353
3.0,2.0,0.13,605,1123.0,2353
3.0,1.0,0.08,662,939.0,2390
2.0,2.0,0.26,677,1352.0,2414
3.0,3.0,0.88,677,1729.0,2414
3.0,1.0,0.08,662,840.0,2390
3.0,2.0,0.24,653,1462.0,2381
3.0,1.0,0.07,660,842.0,2388
3.0,3.0,0.17,662,4544.0,2390
2.0,1.0,0.07,662,700.0,2390
5.0,4.0,0.1,662,2500.0,2390
3.0,3.0,8.0,662,1458.0,2390
6.0,5.0,0.09,662,1500.0,2390
2.0,2.0,0.82,662,1671.0,2390
9.0,5.0,0.14,662,4500.0,2390
6.0,4.0,1.5,662,3739.0,2390
4.0,3.0,0.31,674,2200.0,2400
4.0,5.0,0.25,674,2700.0,2400
5.0,3.0,0.28,674,3000.0,2400
2.0,2.0,0.02,677,1183.0,2414
2.0,2.0,0.02,677,1183.0,2414
5.0,4.0,0.25,677,2500.0,2414
8.0,5.0,0.27,677,6345.0,2414
3.0,2.0,4.37,678,1164.0,2413
4.0,3.0,0.78,678,3154.0,2413
4.0,3.0,0.12,680,2143.0,2403
6.0,4.0,0.1,680,2130.0,2403
3.0,2.0,0.59,680,2000.0,2403
4.0,5.0,0.17,680,2081.0,2403
4.0,2.0,0.08,680,2214.0,2403
4.0,1.0,0.13,680,1400.0,2403
6.0,2.0,1.46,705,2026.0,2355
5.0,3.0,0.03,705,2400.0,2355
6.0,4.0,0.23,705,2187.0,2355
3.0,2.0,0.22,705,800.0,2355
3.0,2.0,0.09,705,900.0,2355
6.0,6.0,1.07,719,1830.0,2407
3.0,1.0,0.11,794,879.0,2360
4.0,2.0,0.12,682,1300.0,2403
3.0,2.0,1.21,685,1100.0,2423
5.0,2.0,0.25,687,1620.0,2405
3.0,2.0,0.15,688,1108.0,2357
3.0,2.0,0.44,688,1200.0,2418
3.0,2.0,0.07,692,1150.0,2430
3.0,3.0,0.11,692,1626.0,2430
4.0,5.0,0.72,692,5460.0,2430
3.0,2.0,0.03,692,1564.0,2430
7.0,6.0,0.25,692,4072.0,2430
3.0,2.0,0.09,692,1007.0,2368
3.0,3.0,0.49,692,3600.0,2430
4.0,2.0,0.09,692,1639.0,2368
4.0,3.0,0.11,692,2800.0,2430
4.0,2.0,0.11,693,2030.0,2426
3.0,2.0,0.38,693,982.0,2431
4.0,3.0,0.14,693,1960.0,2431
3.0,4.0,0.03,693,1605.0,2431
4.0,3.0,0.1,693,1975.0,2431
6.0,6.0,0.45,683,4500.0,2420
4.0,2.0,0.09,694,1116.0,2431
3.0,2.0,0.07,698,1100.0,2421
5.0,2.0,0.1,965,1655.0,2384
5.0,3.0,0.07,921,2100.0,2421
4.0,2.0,0.09,784,852.0,2382
3.0,2.0,0.09,969,1250.0,2384
3.0,2.0,0.1,725,1086.0,2364
4.0,2.0,0.07,924,1224.0,2421
3.0,2.0,0.33,794,1190.0,2385
4.0,3.0,0.3,926,1500.0,2421
4.0,2.0,0.1,703,3138.0,2354
3.0,1.0,0.06,727,850.0,2364
3.0,2.0,0.14,754,2330.0,2422
3.0,2.0,0.42,778,2000.0,2385
3.0,2.0,0.08,725,1150.0,2364
6.0,4.0,0.37,956,2451.0,2361
7.0,5.0,0.08,920,2000.0,2421
3.0,2.0,0.07,956,750.0,2361
4.0,2.0,0.16,927,2528.0,2384
4.0,2.0,0.1,926,1321.0,2421
3.0,1.0,0.09,969,1000.0,2384
4.0,3.0,0.05,926,1312.0,2421
7.0,6.0,1.08,969,7246.0,2421
4.0,2.0,0.31,737,3300.0,2369
6.0,7.0,0.26,966,7037.0,2384
2.0,1.0,0.1,956,730.0,2361
5.0,5.0,0.32,927,6000.0,2421
3.0,2.0,0.14,921,1569.0,2421
4.0,2.0,0.15,966,2000.0,2384
4.0,3.0,0.16,969,3540.0,2384
5.0,4.0,0.25,926,3123.0,2421
3.0,2.0,0.09,705,900.0,2355
4.0,3.0,0.27,705,2500.0,2355
4.0,1.0,0.14,956,1100.0,2361
2.0,2.0,0.04,784,749.0,2382
3.0,1.0,0.06,725,868.0,2364
4.0,2.0,0.12,784,1500.0,2382
2.0,1.0,0.12,736,600.0,2369
4.0,2.0,0.58,739,1294.0,2372
5.0,2.0,0.09,714,1500.0,2358
4.0,2.0,0.11,784,1564.0,2382
5.0,4.0,1.4,956,4956.0,2361
3.0,2.0,3.6,639,2364.0,2372
4.0,2.0,0.59,703,2000.0,2354
3.0,2.0,28.99,723,2396.0,2410
4.0,3.0,0.11,727,2780.0,2364
3.0,2.0,0.1,723,921.0,2410
7.0,6.0,0.97,739,2049.0,2372
4.0,4.0,0.14,727,3311.0,2364
3.0,1.0,0.08,725,1000.0,2364
3.0,2.0,0.5,961,1894.0,2361
7.0,4.0,0.5,969,3673.0,2384
3.0,1.0,0.05,703,950.0,2354
2.0,1.0,0.07,703,683.0,2354
4.0,3.0,0.25,703,2440.0,2354
5.0,2.0,0.49,703,3400.0,2354
3.0,3.0,0.08,982,1056.0,2367
6.0,6.0,0.08,957,1811.0,2361
6.0,3.0,0.08,953,1382.0,2426
4.0,1.0,0.09,772,1320.0,2398
4.0,3.0,0.43,778,3171.0,2385
3.0,1.0,0.08,985,1776.0,2367
7.0,6.0,0.06,985,3000.0,2367
3.0,2.0,0.09,778,2100.0,2385
12.0,9.0,0.18,959,850.0,2361
1.0,1.0,0.07,995,4180.0,2421
4.0,2.0,0.42,707,1289.0,2402
3.0,2.0,882.0,707,1159.0,2402
3.0,2.0,0.29,707,1068.0,2402
3.0,2.0,13.47,707,1159.0,2402
2.0,1.0,0.41,707,650.0,2402
4.0,2.0,0.09,707,1800.0,2402
4.0,3.0,0.29,707,2300.0,2402
4.0,2.0,0.05,791,1443.0,2389
3.0,3.0,0.42,754,997.0,2422
4.0,2.0,0.16,791,1516.0,2389
3.0,1.0,0.05,767,900.0,2434
3.0,2.0,0.07,718,890.0,2406
3.0,2.0,282.71,754,1295.0,2422
3.0,2.0,0.09,771,1170.0,2397
4.0,3.0,0.78,771,3500.0,2397
3.0,1.0,0.06,791,799.0,2389
3.0,2.0,0.07,767,849.0,2434
3.0,2.0,0.17,791,1044.0,2389
3.0,1.0,0.07,741,841.0,2389
3.0,2.0,0.5,791,1201.0,2389
4.0,3.0,0.19,791,2183.0,2389
3.0,3.0,0.06,791,2200.0,2389
4.0,4.0,0.31,726,3947.0,2364
3.0,1.0,0.17,714,870.0,2358
5.0,2.0,0.08,714,1393.0,2358
3.0,1.0,0.08,714,900.0,2358
4.0,1.0,0.09,714,900.0,2358
3.0,2.0,0.04,956,1156.0,2361
3.0,1.0,0.1,956,1000.0,2361
3.0,1.0,0.08,953,900.0,2426
3.0,3.0,0.09,715,4300.0,2412
3.0,1.0,0.09,751,870.0,2419
3.0,2.0,0.05,716,860.0,2412
5.0,3.0,0.32,716,1604.0,2406
8.0,10.0,0.14,717,6154.0,2412
3.0,1.0,0.01,717,822.0,2412
3.0,3.0,2.89,717,2400.0,2412
3.0,1.0,0.06,718,2723.0,2406
10.0,5.0,0.12,718,1582.0,2406
2.0,1.0,0.13,718,741.0,2406
3.0,2.0,1.03,718,1977.0,2406
3.0,2.0,0.06,718,1019.0,2406
3.0,2.0,1.09,718,2229.0,2406
4.0,2.0,0.25,718,3600.0,2406
4.0,4.0,0.49,718,1631.0,2406
3.0,2.0,0.52,718,2300.0,2406
2.0,1.0,40.8,718,900.0,2406
3.0,2.0,0.46,719,1318.0,2407
2.0,1.0,0.97,719,1500.0,2407
2.0,1.0,0.23,719,620.0,2407
4.0,2.0,0.03,949,1111.0,2427
4.0,2.0,0.09,976,2329.0,2428
2.0,1.0,0.12,739,1000.0,2372
3.0,3.0,0.07,959,1115.0,2362
5.0,2.0,0.04,784,1800.0,2382
3.0,2.0,0.08,956,1050.0,2361
4.0,3.0,0.1,739,1750.0,2372
4.0,2.0,0.08,791,1000.0,2389
3.0,2.0,0.0,778,1409.0,2385
3.0,2.0,0.13,723,1326.0,2410
6.0,4.0,0.14,727,2499.0,2364
3.0,2.0,0.1,926,1388.0,2421
4.0,3.0,0.32,926,2500.0,2421
4.0,3.0,1.0,953,2396.0,2426
3.0,1.0,0.07,976,800.0,2428
3.0,2.0,0.21,953,1000.0,2426
10.0,4.0,0.08,915,2905.0,2421
4.0,2.0,0.09,983,1072.0,2367
3.0,2.0,0.13,757,2198.0,2424
3.0,2.0,0.57,784,1000.0,2382
3.0,2.0,0.07,784,1264.0,2382
4.0,5.0,0.37,767,4902.0,2434
4.0,1.0,0.36,956,1071.0,2361
7.0,3.0,0.06,725,1410.0,2364
4.0,2.0,0.34,754,1100.0,2422
3.0,1.0,0.06,725,2447.0,2364
3.0,1.0,0.12,957,810.0,2361
3.0,2.0,0.09,739,920.0,2372
3.0,1.0,0.3,924,900.0,2421
3.0,2.0,0.04,956,1039.0,2361
6.0,5.0,0.14,777,2790.0,2393
3.0,3.0,0.17,739,14000.0,2372
4.0,2.0,0.09,926,1000.0,2421
3.0,3.0,0.74,777,2200.0,2393
7.0,6.0,0.54,969,7920.0,2384
6.0,3.0,0.09,959,1764.0,2362
5.0,5.0,0.25,969,4120.0,2384
3.0,2.0,0.27,959,1390.0,2361
6.0,4.0,0.25,961,2705.0,2361
3.0,2.0,0.15,957,1197.0,2361
7.0,3.0,0.09,925,2087.0,2364
7.0,4.0,0.12,736,3800.0,2369
4.0,3.0,0.16,969,2308.0,2384
3.0,2.0,0.11,969,1896.0,2384
5.0,5.0,0.13,969,3240.0,2384
2.0,1.0,0.07,725,953.0,2364
7.0,5.0,0.5,725,3312.0,2364
3.0,2.0,0.13,956,1300.0,2361
3.0,1.0,0.09,725,920.0,2364
6.0,3.0,0.25,926,5700.0,2421
5.0,2.0,0.97,926,3500.0,2421
3.0,2.0,0.3,725,1777.0,2364
3.0,2.0,0.67,767,857.0,2434
3.0,1.0,0.8,784,952.0,2382
4.0,4.0,0.09,725,1280.0,2364
3.0,2.0,0.97,778,906.0,2385
3.0,1.0,0.1,784,800.0,2382
6.0,3.0,0.22,956,1240.0,2361
3.0,5.0,0.39,959,2608.0,2361
11.0,5.0,1.34,736,2100.0,2369
3.0,2.0,0.13,723,900.0,2410
4.0,2.0,0.08,956,1822.0,2361
8.0,5.0,0.08,956,2364.0,2361
3.0,2.0,0.1,736,1450.0,2369
4.0,2.0,0.48,965,1700.0,2384
5.0,3.0,0.37,957,3154.0,2362
3.0,3.0,0.1,736,1700.0,2369
4.0,2.0,0.08,959,1480.0,2361
4.0,2.0,0.09,956,1254.0,2361
3.0,2.0,0.29,725,1152.0,2364
4.0,2.0,0.08,784,1050.0,2382
6.0,3.0,0.08,956,1625.0,2361
5.0,3.0,0.5,966,5600.0,2384
5.0,4.0,0.89,736,6000.0,2369
4.0,3.0,0.12,966,1700.0,2384
3.0,2.0,0.21,777,802.0,2393
3.0,1.0,0.05,962,800.0,2368
6.0,3.0,0.06,920,3466.0,2421
2.0,1.0,0.05,962,1025.0,2368
3.0,2.0,0.09,777,1160.0,2393
7.0,5.0,0.09,924,2321.0,2421
3.0,2.0,0.1,976,1050.0,2428
3.0,1.0,0.12,949,1000.0,2427
3.0,1.0,0.05,962,872.0,2368
6.0,4.0,0.12,911,2295.0,2421
6.0,1.0,0.21,920,756.0,2421
3.0,2.0,0.02,777,720.0,2393
5.0,2.0,0.08,987,1700.0,2367
4.0,2.0,0.04,915,1357.0,2421
2.0,2.0,0.97,745,1441.0,2415
6.0,3.0,0.07,920,1841.0,2421
3.0,2.0,1.15,949,1166.0,2427
1.0,1.0,0.09,949,3767.0,2427
4.0,3.0,0.12,907,3750.0,2421
8.0,7.0,0.07,907,2500.0,2421
3.0,2.0,0.93,979,1200.0,2367
2.0,1.0,3.4,926,850.0,2428
4.0,2.0,0.07,920,1200.0,2421
3.0,2.0,0.08,979,777.0,2367
4.0,3.0,0.1,966,2700.0,2384
3.0,1.0,0.04,926,900.0,2421
8.0,6.0,0.12,909,4111.0,2421
3.0,2.0,0.18,926,1200.0,2421
3.0,2.0,0.04,901,3176.0,2421
4.0,3.0,0.09,738,3500.0,2379
3.0,2.0,2.57,983,1264.0,2367
3.0,2.0,0.55,976,1816.0,2428
3.0,1.0,0.07,907,1374.0,2421
2.0,1.0,0.06,915,616.0,2421
2.0,1.0,0.15,909,598.0,2421
4.0,4.0,0.06,911,2634.0,2421
3.0,2.0,0.07,926,900.0,2428
7.0,6.0,0.32,976,5508.0,2428
5.0,2.0,0.08,958,2000.0,2361
3.0,2.0,0.08,949,1260.0,2427
3.0,1.0,0.04,915,786.0,2421
6.0,3.0,0.06,921,2016.0,2421
3.0,1.0,0.04,915,725.0,2421
3.0,3.0,0.06,920,1340.0,2421
3.0,1.0,0.06,736,750.0,2369
3.0,2.0,1.18,959,1390.0,2361
4.0,2.0,0.08,920,1204.0,2421
3.0,2.0,0.32,959,1200.0,2361
3.0,1.0,0.09,961,1000.0,2361
6.0,4.0,0.12,917,2503.0,2421
3.0,2.0,0.08,953,992.0,2426
6.0,4.0,0.12,918,3498.0,2421
3.0,1.0,0.16,976,567.0,2428
3.0,2.0,0.94,926,1288.0,2421
3.0,2.0,0.03,949,1250.0,2427
3.0,1.0,0.74,918,2500.0,2421
3.0,3.0,0.49,965,2372.0,2384
3.0,1.0,0.17,953,1027.0,2426
3.0,1.0,0.08,949,950.0,2427
4.0,2.0,0.09,927,1644.0,2421
3.0,2.0,0.2,953,1290.0,2426
3.0,2.0,0.09,739,930.0,2372
3.0,1.0,0.06,976,827.0,2428
3.0,2.0,0.06,965,1953.0,2384
4.0,2.0,0.09,949,1225.0,2426
4.0,2.0,0.05,969,1200.0,2384
4.0,2.0,0.09,966,2064.0,2384
4.0,3.0,0.32,969,4453.0,2384
4.0,2.0,0.09,959,1100.0,2361
5.0,3.0,0.27,927,3559.0,2421
4.0,2.0,0.1,976,2303.0,2428
2.0,2.0,0.07,907,2883.0,2421
5.0,3.0,0.25,926,4000.0,2421
5.0,5.0,0.27,966,3160.0,2384
2.0,1.0,1.45,739,653.0,2372
3.0,2.0,1.19,754,1616.0,2422
4.0,2.0,0.28,725,1500.0,2364
4.0,5.0,0.24,778,3840.0,2385
8.0,4.0,0.08,921,3000.0,2421
3.0,2.0,0.05,957,1759.0,2361
4.0,2.0,0.32,739,1720.0,2372
3.0,1.0,1.02,725,1167.0,2364
3.0,3.0,0.28,739,970.0,2372
4.0,2.0,0.12,959,1404.0,2361
3.0,2.0,0.09,959,991.0,2361
4.0,3.0,0.18,966,7653.0,2384
3.0,1.0,0.06,956,896.0,2361
3.0,2.0,0.08,910,1500.0,2421
4.0,2.0,0.2,926,1400.0,2421
3.0,2.0,0.09,957,1149.0,2361
3.0,1.0,0.06,924,650.0,2421
3.0,1.0,0.08,976,884.0,2428
3.0,2.0,0.09,949,786.0,2427
3.0,3.0,0.09,727,1453.0,2364
3.0,1.0,0.08,725,900.0,2364
4.0,2.0,0.11,976,2314.0,2428
3.0,2.0,0.92,725,972.0,2364
4.0,3.0,0.32,796,2200.0,2428
3.0,2.0,0.07,725,1316.0,2364
4.0,2.0,0.12,976,2500.0,2428
6.0,3.0,0.04,959,1497.0,2361
3.0,2.0,0.09,949,1066.0,2427
3.0,2.0,0.08,949,1135.0,2427
3.0,2.0,0.09,725,981.0,2364
3.0,3.0,0.21,927,2193.0,2421
5.0,7.0,0.29,966,5967.0,2384
2.0,1.0,0.04,956,730.0,2361
8.0,4.0,0.18,969,2215.0,2384
6.0,2.0,0.09,924,3824.0,2421
3.0,1.0,0.1,782,724.0,2374
7.0,3.0,0.21,739,2216.0,2369
6.0,2.0,0.11,957,2100.0,2361
2.0,1.0,0.19,953,645.0,2426
3.0,2.0,2.97,739,1150.0,2372
5.0,2.0,0.37,956,1010.0,2361
3.0,3.0,0.23,725,1951.0,2364
3.0,1.0,0.09,725,893.0,2364
3.0,1.0,0.11,957,782.0,2361
3.0,2.0,0.06,976,970.0,2428
9.0,3.0,0.49,966,4732.0,2384
3.0,2.0,0.08,949,1400.0,2427
3.0,2.0,29.6,926,1050.0,2421
4.0,2.0,0.11,959,1700.0,2361
5.0,3.0,3.39,927,2102.0,2364
4.0,2.0,0.1,976,2000.0,2428
3.0,2.0,0.12,927,1000.0,2421
6.0,4.0,0.29,926,3060.0,2421
7.0,6.0,0.06,926,3000.0,2421
5.0,3.0,0.14,949,6200.0,2427
8.0,7.0,0.13,961,3927.0,2361
3.0,2.0,0.09,778,1037.0,2385
3.0,1.0,0.07,777,800.0,2393
5.0,3.0,0.32,965,1238.0,2384
5.0,3.0,0.78,725,1974.0,2364
3.0,2.0,0.09,962,1250.0,2368
3.0,2.0,0.09,957,1200.0,2361
3.0,2.0,0.15,739,1130.0,2372
4.0,2.0,0.2,725,1150.0,2364
3.0,3.0,0.05,966,1740.0,2384
3.0,2.0,0.09,957,1053.0,2361
4.0,2.0,0.1,976,1500.0,2428
2.0,1.0,0.07,968,1000.0,2421
4.0,1.0,0.06,959,2475.0,2361
3.0,1.0,0.04,956,813.0,2361
4.0,2.0,0.09,961,1838.0,2361
4.0,2.0,0.07,983,1700.0,2367
4.0,1.0,0.1,921,1295.0,2421
10.0,7.0,0.04,901,4100.0,2421
4.0,3.0,0.08,783,1245.0,2361
3.0,3.0,0.29,966,2556.0,2384
3.0,2.0,0.11,926,2500.0,2421
3.0,1.0,0.08,949,1000.0,2427
3.0,2.0,0.05,736,1102.0,2369
2.0,1.0,0.05,778,1083.0,2385
7.0,2.0,0.06,782,2462.0,2374
5.0,3.0,0.1,969,2642.0,2384
4.0,2.0,0.19,953,4634.0,2426
5.0,4.0,0.56,956,3519.0,2361
4.0,2.0,0.08,949,1576.0,2427
3.0,1.0,0.07,987,880.0,2367
3.0,3.0,0.31,969,3000.0,2384
3.0,2.0,10.76,961,1277.0,2361
4.0,2.0,0.09,953,1720.0,2426
3.0,1.0,0.08,956,750.0,2361
3.0,1.0,0.09,725,912.0,2364
4.0,3.0,0.26,976,3012.0,2428
7.0,3.0,17.88,726,3000.0,2364
7.0,6.0,0.08,956,2523.0,2361
4.0,2.0,0.07,966,2259.0,2384
3.0,2.0,0.09,725,1000.0,2364
5.0,6.0,0.55,966,8000.0,2384
4.0,3.0,0.11,926,3300.0,2421
4.0,3.0,0.12,946,2350.0,2427
4.0,2.0,0.09,949,2304.0,2427
8.0,5.0,0.04,901,7249.0,2421
5.0,4.0,0.04,901,3745.0,2421
4.0,2.0,0.17,739,1900.0,2372
2.0,1.0,0.08,920,945.0,2421
7.0,4.0,0.06,921,1542.0,2421
4.0,3.0,0.06,959,2000.0,2361
3.0,2.0,0.08,949,1600.0,2427
4.0,2.0,0.09,959,1100.0,2361
3.0,2.0,0.08,739,1234.0,2372
3.0,2.0,0.55,739,913.0,2372
4.0,3.0,0.07,921,1800.0,2421
3.0,3.0,0.04,725,1150.0,2364
3.0,2.0,0.2,969,3000.0,2384
3.0,2.0,0.16,969,2000.0,2384
3.0,2.0,0.09,736,1186.0,2369
4.0,1.0,0.11,929,1387.0,2421
4.0,2.0,0.06,926,1168.0,2421
5.0,4.0,0.37,736,4650.0,2369
3.0,2.0,0.06,926,1655.0,2421
7.0,5.0,0.1,959,2500.0,2361
5.0,3.0,0.12,926,2792.0,2421
4.0,3.0,0.25,966,3346.0,2384
2.0,1.0,0.38,956,2704.0,2361
3.0,3.0,0.08,949,2000.0,2427
3.0,1.0,0.05,923,550.0,2421
4.0,3.0,0.09,778,19000.0,2385
3.0,2.0,0.07,777,895.0,2393
3.0,1.0,0.07,791,850.0,2393
3.0,2.0,0.12,727,2000.0,2364
3.0,2.0,0.1,921,1700.0,2421
3.0,1.0,0.29,918,3530.0,2421
5.0,3.0,0.09,969,1559.0,2384
6.0,6.0,0.05,909,2000.0,2421
3.0,2.0,0.09,961,964.0,2361
6.0,3.0,2.54,739,3442.0,2372
3.0,2.0,0.08,725,902.0,2364
8.0,4.0,0.08,949,3000.0,2427
3.0,2.0,0.15,926,1100.0,2421
4.0,2.0,0.23,976,2068.0,2428
4.0,2.0,0.05,926,2100.0,2421
5.0,3.0,0.05,901,2700.0,2421
3.0,2.0,0.13,926,1528.0,2421
2.0,2.0,0.26,976,2770.0,2428
5.0,2.0,0.22,924,1664.0,2421
6.0,2.0,0.09,969,1440.0,2384
5.0,3.0,1.22,987,3872.0,2367
3.0,2.0,0.07,958,871.0,2361
3.0,3.0,0.11,957,1341.0,2361
3.0,1.0,0.08,959,900.0,2361
4.0,4.0,0.08,949,2800.0,2427
5.0,7.0,0.53,926,4111.0,2421
4.0,4.0,0.13,751,1500.0,2419
9.0,3.0,0.16,966,2674.0,2384
4.0,3.0,0.22,926,2780.0,2421
3.0,2.0,0.23,971,3385.0,2384
5.0,4.0,0.08,907,1898.0,2421
4.0,4.0,0.26,926,3600.0,2421
4.0,2.0,0.11,926,1623.0,2421
4.0,3.0,0.3,926,2900.0,2421
4.0,2.0,0.08,957,2000.0,2361
3.0,2.0,0.08,924,3670.0,2421
7.0,4.0,0.29,966,3900.0,2384
3.0,2.0,0.1,956,1100.0,2361
3.0,1.0,0.06,921,880.0,2421
4.0,3.0,0.1,976,2984.0,2428
3.0,1.0,0.16,737,800.0,2369
8.0,6.0,0.06,913,1800.0,2421
2.0,3.0,0.15,926,2000.0,2421
3.0,2.0,0.15,926,2000.0,2421
3.0,2.0,0.24,926,1779.0,2421
4.0,2.0,0.12,969,1824.0,2384
3.0,2.0,0.11,926,1476.0,2421
4.0,3.0,0.06,907,2628.0,2421
4.0,2.0,0.08,965,1072.0,2384
3.0,1.0,0.06,924,692.0,2421
3.0,2.0,0.08,956,1050.0,2361
4.0,3.0,0.14,966,2132.0,2384
7.0,5.0,0.12,917,2395.0,2421
4.0,2.0,0.07,926,2027.0,2421
6.0,5.0,0.22,969,2830.0,2384
2.0,3.0,0.05,907,1924.0,2425
5.0,6.0,0.11,907,3253.0,2421
4.0,4.0,0.19,926,3089.0,2421
5.0,3.0,0.1,911,2391.0,2421
3.0,2.0,0.08,949,1900.0,2427
5.0,3.0,340.0,962,2300.0,2368
4.0,2.0,0.07,949,2400.0,2427
3.0,2.0,0.89,784,1416.0,2382
6.0,2.0,0.25,736,1053.0,2369
2.0,1.0,0.09,784,1344.0,2382
4.0,2.0,0.1,784,1029.0,2382
6.0,2.0,0.04,784,1500.0,2382
3.0,1.0,0.03,754,1379.0,2422
3.0,1.0,0.08,723,800.0,2410
5.0,3.0,0.48,754,1945.0,2422
4.0,1.0,0.25,767,1120.0,2434
2.0,1.0,0.77,974,1400.0,2382
1.0,1.0,25.94,736,3000.0,2369
3.0,1.0,0.06,921,730.0,2421
4.0,1.0,0.1,969,1200.0,2384
3.0,2.0,0.08,956,2555.0,2361
3.0,1.0,0.44,954,1332.0,2426
5.0,3.0,0.04,959,1900.0,2361
3.0,3.0,0.11,926,1996.0,2421
8.0,6.0,0.07,907,3400.0,2421
4.0,2.0,0.13,949,2700.0,2427
5.0,3.0,0.1,917,3995.0,2421
4.0,3.0,0.5,926,4000.0,2384
4.0,3.0,0.1,969,2500.0,2384
6.0,4.0,0.27,926,4210.0,2421
4.0,2.0,0.29,926,2615.0,2421
4.0,2.0,0.11,926,3141.0,2421
3.0,1.0,0.09,777,945.0,2393
3.0,2.0,0.15,784,1284.0,2382
13.0,3.0,0.09,723,1609.0,2410
3.0,2.0,4.67,736,1095.0,2369
3.0,3.0,1.17,771,3000.0,2397
3.0,1.0,0.07,771,836.0,2397
4.0,3.0,0.09,791,2050.0,2389
3.0,2.0,0.42,771,1480.0,2397
10.0,10.0,0.48,771,4233.0,2397
3.0,1.0,0.06,791,881.0,2389
9.0,4.0,0.25,791,2666.0,2389
4.0,2.0,0.16,791,1890.0,2389
3.0,3.0,0.06,791,2988.0,2389
4.0,2.0,0.06,791,1443.0,2389
3.0,3.0,0.14,771,2700.0,2397
6.0,3.0,0.08,791,2599.0,2389
3.0,1.0,0.23,791,938.0,2389
4.0,2.0,0.08,791,1315.0,2389
3.0,1.0,0.06,791,809.0,2389
4.0,2.0,0.91,791,1612.0,2389
3.0,2.0,0.16,791,1300.0,2389
1.0,1.0,0.12,791,618.0,2389
3.0,1.0,0.08,741,920.0,2389
4.0,3.0,0.08,771,1770.0,2397
3.0,2.0,0.17,791,1150.0,2389
4.0,3.0,0.2,777,2399.0,2393
4.0,4.0,0.28,791,2500.0,2389
3.0,1.0,0.39,777,1308.0,2393
3.0,2.0,0.26,792,1250.0,2389
3.0,2.0,0.09,771,1170.0,2397
3.0,2.0,0.12,777,1000.0,2393
5.0,4.0,0.9,771,4413.0,2397
4.0,2.0,0.06,741,1299.0,2389
4.0,2.0,0.08,791,1400.0,2389
4.0,2.0,0.18,791,1200.0,2389
3.0,2.0,0.08,791,881.0,2406
2.0,1.0,0.05,791,782.0,2389
4.0,3.0,0.22,791,2175.0,2389
3.0,2.0,0.1,777,1000.0,2393
3.0,1.0,0.22,771,1083.0,2397
3.0,2.0,0.25,791,1960.0,2389
3.0,2.0,0.25,771,2100.0,2397
5.0,2.0,0.23,791,1250.0,2389
2.0,1.0,0.25,729,622.0,2366
5.0,3.0,0.1,913,2800.0,2421
4.0,2.0,0.09,979,1600.0,2367
5.0,2.0,0.2,754,800.0,2415
5.0,3.0,0.26,729,3401.0,2366
7.0,2.0,0.34,745,2140.0,2415
6.0,5.0,0.15,913,3210.0,2421
3.0,1.0,1.33,745,843.0,2415
3.0,1.0,0.04,982,600.0,2367
7.0,5.0,0.51,982,1777.0,2367
3.0,2.0,0.08,985,1200.0,2367
3.0,1.0,0.1,913,1065.0,2421
4.0,2.0,0.25,729,1274.0,2366
2.0,1.0,0.11,772,924.0,2398
4.0,2.0,0.09,982,3932.0,2367
3.0,1.0,0.08,985,857.0,2367
3.0,1.0,0.06,985,798.0,2367
4.0,3.0,0.15,983,2611.0,2367
6.0,2.0,0.26,979,4300.0,2367
3.0,1.0,0.09,729,1000.0,2366
4.0,2.0,0.13,729,2762.0,2366
4.0,2.0,0.06,729,1256.0,2398
3.0,2.0,0.09,985,1109.0,2367
3.0,1.0,0.08,729,670.0,2366
3.0,1.0,0.1,729,648.0,2366
2.0,1.0,0.06,729,1538.0,2366
7.0,4.0,0.07,729,2500.0,2366
8.0,8.0,0.33,913,7000.0,2421
3.0,2.0,0.09,979,1071.0,2367
3.0,2.0,0.08,745,827.0,2415
2.0,1.0,0.09,985,750.0,2367
4.0,2.0,0.08,983,1133.0,2367
3.0,3.0,0.97,987,1550.0,2367
3.0,2.0,0.09,924,1532.0,2421
2.0,2.0,0.02,979,1190.0,2367
7.0,2.0,0.25,913,2200.0,2421
3.0,2.0,0.27,729,1713.0,2366
3.0,2.0,0.02,729,1127.0,2366
3.0,2.0,0.09,982,1047.0,2367
4.0,2.0,0.22,729,1668.0,2366
3.0,2.0,0.08,729,1296.0,2366
7.0,5.0,0.08,985,2888.0,2367
3.0,2.0,0.03,772,1416.0,2398
3.0,2.0,0.13,979,2500.0,2367
8.0,4.0,0.09,983,1227.0,2367
3.0,1.0,0.06,729,980.0,2366
7.0,3.0,0.1,985,2546.0,2367
3.0,2.0,0.1,745,1374.0,2415
4.0,4.0,0.09,985,1190.0,2367
3.0,2.0,0.07,987,1255.0,2367
6.0,3.0,0.08,983,1785.0,2367
3.0,1.0,0.07,985,1000.0,2367
3.0,2.0,0.09,983,1574.0,2367
4.0,2.0,0.05,738,1113.0,2415
3.0,2.0,0.07,987,1600.0,2367
4.0,4.0,0.07,772,1561.0,2398
3.0,1.0,0.08,982,900.0,2367
3.0,1.0,0.08,745,951.0,2415
4.0,2.0,0.07,983,1200.0,2367
3.0,2.0,0.04,979,982.0,2367
4.0,2.0,0.08,982,1255.0,2367
7.0,10.0,0.17,913,4800.0,2421
4.0,2.0,0.11,729,1228.0,2366
5.0,5.0,0.07,983,3303.0,2367
3.0,1.0,0.07,745,932.0,2415
3.0,3.0,0.13,979,2100.0,2367
1.0,1.0,0.18,729,586.0,2366
3.0,2.0,0.05,745,1587.0,2415
2.0,2.0,0.11,723,645.0,2410
3.0,1.0,2.03,725,678.0,2364
7.0,4.0,0.08,725,950.0,2364
4.0,2.0,0.4,725,9180.0,2364
3.0,2.0,0.02,725,1048.0,2364
3.0,1.0,0.03,725,831.0,2364
6.0,6.0,0.11,725,3801.0,2364
3.0,2.0,0.08,725,1343.0,2364
4.0,4.0,0.1,725,2818.0,2364
3.0,2.0,0.02,725,923.0,2364
3.0,2.0,0.06,725,919.0,2364
6.0,8.0,0.7,725,8500.0,2364
3.0,1.0,0.02,725,1017.0,2364
4.0,2.0,0.02,725,1131.0,2364
4.0,4.0,2500.0,725,4400.0,2364
3.0,2.0,0.06,727,828.0,2364
3.0,2.0,0.02,727,1293.0,2364
3.0,1.0,0.2,727,900.0,2364
3.0,1.0,0.07,727,846.0,2364
3.0,10.0,2960.0,728,638.0,2412
2.0,1.0,0.08,730,817.0,2412
3.0,2.0,1825.0,730,1800.0,2412
3.0,1.0,0.06,730,840.0,2412
5.0,5.0,0.42,730,5575.0,2412
4.0,2.0,0.12,730,2971.0,2412
3.0,1.0,0.24,720,900.0,2409
7.0,5.0,0.14,720,3000.0,2409
4.0,3.0,0.22,720,1430.0,2409
3.0,1.0,0.07,720,1000.0,2409
6.0,4.0,0.09,720,1750.0,2409
3.0,4.0,5.0,731,1500.0,2412
3.0,1.0,0.24,731,845.0,2412
6.0,2.0,1.56,731,2250.0,2412
2.0,1.0,0.07,729,900.0,2366
3.0,1.0,0.09,735,704.0,2370
3.0,2.0,0.02,735,1126.0,2370
3.0,3.0,0.76,735,927.0,2370
3.0,2.0,0.12,735,1785.0,2370
6.0,4.0,0.19,735,2506.0,2370
3.0,2.0,0.01,735,1168.0,2370
2.0,1.0,0.03,736,550.0,2369
3.0,1.0,0.02,736,800.0,2369
3.0,2.0,0.01,736,1286.0,2369
5.0,5.0,0.46,738,3363.0,2379
3.0,1.0,0.04,738,750.0,2379
3.0,2.0,0.08,738,1046.0,2379
2.0,3.0,0.1,738,1888.0,2379
3.0,1.0,0.06,738,700.0,2379
2.0,1.0,1.18,738,629.0,2379
3.0,1.0,0.07,738,1048.0,2379
